{
    "version": "2.0.0",
    "tasks": [
        {
            "label": "Compilar Pawn",
            "type": "shell",
            "command": "wine pawno/pawncc.exe \"${relativeFile}\" \"-D${workspaceFolder}\" \"-i${workspaceFolder}/include\" \"-;+\" \"-(+\" \"-d3\" \"-o${fileDirname}/${fileBasenameNoExtension}\"",
            "options": {
                "cwd": "${workspaceFolder}",
                "env": {
                    "XDG_RUNTIME_DIR": "/tmp/runtime-codespace",
                    "WINEDEBUG": "-all",
                    "WINEARCH": "win32",
                    "WINEPREFIX": "${env:HOME}/.wine",
                    "DISPLAY": ":0"
                }
            },
            "problemMatcher": {
                "owner": "pawn",
                "fileLocation": ["relative", "${workspaceFolder}"],
                "pattern": {
                    "regexp": "^(.*)\\((\\d+)\\)\\s*:\\s*(warning|error)\\s*(\\d+)\\s*:\\s*(.*)$",
                    "file": 1,
                    "line": 2,
                    "severity": 3,
                    "code": 4,
                    "message": 5
                }
            },
            "group": {
                "kind": "build",
                "isDefault": true
            },
            "presentation": {
                "echo": true,
                "reveal": "always",
                "focus": false,
                "panel": "shared",
                "showReuseMessage": false,
                "clear": true
            }
        }
    ]
}